building_id,window_noise_lden,window_noise_lnight,window_daylight_winter,window_daylight_spring,window_daylight_summer,window_daylight_autumn,view_sky,view_greenery,daylight_avg_klx
1652,58.97371322408986,53.48324283272149,0.30196557245683797,0.36894274003610633,0.24972093065891066,0.26603393216012916,0.17418311882631432,0.18852662492993444,0.296665793827996
6866,53.893885590630525,60.36591648329092,0.23816224320271778,0.18978048453787483,0.32560136263797707,0.3245402926388485,0.6275170688745897,0.42990044379198233,0.26952109575435457
6316,60.18150830480554,37.21002698326601,0.15453961620825343,0.16606204376567224,0.23550289208186803,0.16946784011032603,0.9501580125813247,0.7459162000394173,0.18139309804152992
3156,67.1842388512642,50.940784656834,0.10854522487320795,0.24957854846617417,0.3000509788332332,0.1472598921105293,4.0,1.8150090291960699,0.20135866107078615
2379,53.12677300221331,42.44550201614721,0.21267112340417282,0.22960687482156653,0.13579220610243567,0.11624989058574585,1.9009396268738539,0.5704059552054738,0.17358002372848022
5396,53.126904344406555,43.59012231364713,0.18261461198941556,0.19930710835654855,0.38938945333410196,0.1323714653218887,0.28870304355231585,0.3621349101843152,0.2259206597504887
3153,67.63370252405913,42.85324253032792,0.23468211683545895,0.3541266585270467,0.35021102177738905,0.8738114142487591,1.2389455140722152,0.33589630195224185,0.45320780284716344
17050,61.13947783322327,40.95206461224129,0.20607108764926152,0.4030713212712571,0.23261595664325,0.3726565272413033,3.224825096779948,1.0166702698858725,0.303603723201268
448,51.24420491252038,47.33965139561379,0.253512124871664,0.2612987427532676,0.4866552606308202,0.1017765967660968,0.816856149298474,0.6963580310677092,0.2758106812554622
1126,59.34048034868772,41.18334918512274,0.11478005000228286,0.5233371791753124,0.5593180217580636,0.10324330510866306,2.718990795836679,0.821082076638146,0.3251696390110805
563,51.2926584575003,48.89319778045887,0.28984095077142025,0.14126200545628254,0.1566718079655585,0.25448716370427643,0.2992405511631576,1.4871039839862479,0.2105654819743844
7367,51.27416197143795,46.64833323385604,0.16557679352993793,0.22692763729449042,0.23902562534491706,0.26294628328104597,0.025878460309855824,0.49311113566137854,0.22361908486259782
7393,56.93569817252828,45.32736367193513,0.4233781411454921,0.17469642574808353,0.2382598725830165,0.2631592294657327,2.9968111833777753,0.6553445482636255,0.27487341723558123
3195,39.69375804273761,40.64705436570881,0.10627620206277145,0.09831657302448515,0.2187613925103735,0.17606257467421324,0.909906918912117,0.33138742219700934,0.14985418556796085
6519,41.20065733989574,42.96260068602167,0.3573148034777289,0.23987562862037493,0.5298906028105573,0.18783994363051212,0.9709777083457886,0.20613586355878324,0.32873024463479333
772,50.50169976607222,52.28773858078029,0.16560255752568423,0.23523550556604383,0.3176722163870602,0.23562866881005676,1.5398304268994942,0.2533433731076901,0.23853473707221126
2346,46.89735103732461,50.50642031337067,0.10830228930014581,0.5328211367322473,0.3066404025437194,0.2087764097903929,1.8531776263142867,0.008425210156917343,0.28913505959162633
18228,57.51397866076219,40.157113286410144,0.11776514882570305,0.342703883244485,0.1285093895739421,0.06593485309135326,0.06092948635750194,0.739620227702776,0.16372831868387083
2264,47.735807395830314,47.69532613800458,0.127799373533049,0.14980995223583865,0.4808917388362708,0.1782910899282129,0.7624956263767195,0.6771868296690418,0.23419803863334282
16560,43.701570389317666,52.259709863602524,0.1854375684720999,0.6317585001024685,0.1883503810171174,0.13066204092582892,1.3951844555558095,0.7265796981225161,0.2840521226293787
2355,66.72519015137243,35.3141630321504,0.19481551583509113,0.46034571687337855,0.3606469383350283,0.2183115292614895,1.85016138358036,0.19105466471274146,0.3085299250762469
1892,53.19378959610771,50.803521346659544,0.11259364688428142,0.3344574844165913,0.40206815878458185,0.8897556441109381,0.5657090042483689,0.25806647634102875,0.4347187335490982
5861,55.54022563750339,42.361633687379076,0.14818448206487356,0.22323362491854545,0.6910847415826304,0.24034086806206878,1.1311272219001736,0.2492224765810348,0.3257109291570296
16309,43.60201451029235,50.994190680152116,0.4378036286386551,0.15473922790800337,0.181911982038449,0.17098101440405317,0.8146738181317089,1.1346098528162964,0.2363589632472901
2977,50.64493820379854,41.65718590420238,0.35581355763121086,0.2075469397658195,0.1,0.31710029680331664,1.5785678767008235,0.5519299756213697,0.24511519855008673
1562,55.88738071767893,34.365825295348365,0.18656825094231547,0.4308824123535177,0.38369882189216803,0.25459175721130406,2.92441235562105,0.4882961199080999,0.3139353105998263
1712,45.79205138062158,35.60720293481786,0.15287751315923243,0.641464645839681,0.8610811451619376,0.24674726934645486,1.015329615326683,0.8838921061412099,0.4755426433768265
2247,58.00558414676537,47.336594626629676,0.1592779767904174,0.5408179317486748,0.6502821404568178,0.2708980804269615,0.35917344756963665,0.2501218828536944,0.40531903235571787
351,50.19489048064956,48.81805751205037,0.20385200817623716,0.19578873729561067,0.38868251832399914,0.5592458328159197,0.7266458599737629,0.6417876288546818,0.33689227415294165
204,52.666450001653786,40.669783624269144,0.08994865535654145,0.1428295842714948,0.27372256629664693,0.11362154544203819,4.0,1.9911364093612147,0.15503058784168033
16738,50.186347102164824,51.47014721144161,0.13188720179167027,0.268245885024801,0.5240014506860899,0.2534415957463167,0.6297774635583222,1.2758783777195433,0.29439403331221947
1725,69.8182254760715,35.36935956411728,0.06512726359442869,0.10325908673432198,0.21511226499836866,0.12585454074688693,0.437262716906497,0.6335128515404447,0.12733828901850155
3357,54.89202220209653,46.537441409468784,0.18313926152960316,0.29384275430546597,0.4441276580163041,0.26403289290419557,0.9650044515791649,0.5051354908551072,0.2962856416888922
12,46.538312568352794,38.522886601662805,0.2073137329409324,0.23221406140102882,0.45063974740747953,0.1263396747171713,1.2391907361588261,0.7213379174587673,0.254126804116653
3428,61.58035929682551,42.437147245384885,0.11780633683611907,0.1980347790283902,0.5946887195521396,0.16233043170466757,0.8579554977823375,1.4128485364692907,0.26821506678032914
2832,45.23325080023182,47.3317906992149,0.3295172404836976,0.11263014350977335,1.3909791101404994,0.1725647294768133,0.3011041156150388,1.3376018157587157,0.5014228059026958
1908,56.670908760038046,40.97710644301233,0.08126801035839729,0.32319665311978246,0.42587298224808784,0.3257811139385044,1.6938159732390625,1.5949432247328985,0.28902968991619304
1825,39.322639008961794,44.30811119039122,0.07212839927098907,0.19154264977077792,0.27136135382551907,0.3165700640588778,1.5797791739844254,0.5796657671116234,0.21290061673154095
2296,44.374511608812554,54.04404966450108,0.16781483574357772,0.13928225698761637,0.34555298827750885,0.1072817636281169,2.1843674904675843,1.888578952057342,0.189982961159205
1268,56.57488988695299,42.96175691333796,0.25320120400236396,0.05946154560260424,0.14451671882040573,0.20556955052382012,1.553404230423714,0.2056235250373722,0.1656872547372985
1940,60.907732639963285,52.849844784455996,0.34813806507828926,0.2465841871850153,0.24729367276492206,0.14026415120546223,3.8285648503782164,0.8722106326732217,0.2455700190584222
401,56.37094624951976,39.092052017396675,0.11924654572256066,0.6064284298317519,0.28522887707393796,0.10659801720286202,2.304831198476526,0.47907004092142186,0.27937546745777814
1228,54.07481374089408,50.70862924540698,0.2572313078902739,0.573690771265447,0.26931695450332127,0.17943424924182555,1.9899537120628261,0.34151025959489645,0.31991832072521686
17176,52.59117043528569,57.0909803446053,0.14713949160889833,0.19892200029439136,0.3777039132875994,0.17141302109379006,2.997289521325998,1.597653908571712,0.22379460657116979
3355,43.17182407706058,29.698488499108976,0.13759597094200898,0.18499982658164207,0.2319967094805787,0.6729530801268392,1.4836134195352004,0.6404700061685681,0.30688639678276725
1571,49.24124633284233,41.421733211706666,0.23333268384257325,0.3160334447805974,0.6130512196441408,0.2483396285431621,1.1504556514337074,0.474494206300868,0.3526892442026184
1806,51.3148898323217,51.03950489026378,0.2078458570928469,0.15175512443037006,0.35003623823656893,0.10043478547954647,1.6798091318709467,0.7020983039604057,0.20251800130983308
3389,63.45697780975132,45.57868229769905,0.06819963518244727,0.2907189136174736,0.34837622214067554,0.1507963671041779,0.16292272103581876,0.0021118616713668692,0.21452278451119355
2192,57.74894631654769,49.59802111359916,0.31384695698656107,0.3666842256303736,0.2970753458106254,0.333288677641033,1.4871962600024697,0.24399832009349842,0.3277238015171483
2051,40.895678757098125,42.772103692989255,0.299070990362153,0.4617056329089272,0.37823984175775766,0.568237095331291,1.2381367690292924,0.28589977237002023,0.4268133900900322
744,57.592671755158364,47.6061285123103,0.10971147259368451,0.23778903657067135,0.5287323170222195,0.0904978153313169,1.8153529850991341,0.7972597389645429,0.24168266037947306
3005,51.91934175666947,45.910259352255444,0.18282639855406307,0.22579421757498322,0.2268679310501469,0.0781285208544869,2.724551432557144,0.1573549477704166,0.17840426700842005
429,49.58462399755233,55.17447443161865,0.19202976522726187,0.16117159816147864,0.25186038594253307,0.5096886016492306,2.0313822999188065,0.5578769763066326,0.27868758774512603
2188,59.89341031072694,48.78094590310849,0.17088181496651106,0.16534277459676108,0.30068708524260923,0.24301531237241022,0.728403353268948,0.4333324434919572,0.2199817467945729
1654,63.24799617996761,49.36321863452642,0.11391843583330397,0.22323420610227449,0.17857303777614678,0.12956348602799714,2.426513855710601,0.25851039703222717,0.1613222914349306
7396,62.45024095292959,44.11686123714273,0.10721365402126441,0.3004086370388217,0.23236379481795066,0.2612902633811148,3.865454674176631,0.2768289922529688,0.2253190873147879
712,48.286259814218894,43.586756431492546,0.14809563664237452,0.3947502281036374,0.27584047726865635,0.053540774137639933,2.772874492316471,0.4296321988716727,0.21805677903807705
2133,52.52630099319028,43.97209268526265,0.2696162909880111,0.16731385879073649,0.5419250701027916,0.20033783567115623,0.3940769876356659,0.036718624087923216,0.2947982638881738
2516,57.650107451228514,49.76116499664808,0.1968486917399807,0.5273187489095984,0.3991007211463082,0.23562179428885333,2.0161677464400585,0.8936836279346942,0.3397224890211852
148,62.80436101697887,44.05310863425816,0.1246273554062441,0.21830629887215217,0.3855720633013872,0.3174919413122585,0.4573895903361696,0.20399136529935374,0.2614994147230105
1325,51.16660609723768,49.02842399827489,0.2206294614649229,0.24734330507169597,0.5355970658575662,0.12046622105065963,1.0617658188667083,0.36317914436220733,0.2810090133612112
16837,53.51472818668946,61.52780559051807,0.03610256746706607,0.1720620346378984,0.32676696130713667,0.20875492311759136,1.776767455169999,1.554050230086182,0.18592162163242312
826,46.149320207951774,53.09787292402184,0.26640511642525383,0.07439143302724321,0.4254577207760169,0.1259147453231276,1.6102828752062945,0.9060924962872229,0.2230422538879104
7499,45.430347007354634,44.71783527482511,0.06285172649253215,0.3889627637553586,0.3323944207247632,0.22724057189477984,2.7361804766118265,0.1250757869121709,0.25286237071685846
1470,61.500206579153584,55.40849745514761,0.12513771156377906,0.3613629541525208,0.399660057363256,0.12782270740254867,3.8779122221913838,0.727539032083433,0.2534958576205261
2373,65.84992022856659,44.14347238884914,0.08569550268308682,0.21719534138001864,0.2615312621466938,0.16308425139068633,1.907713265092841,0.37735533461490706,0.1818765894001214
1501,54.42391902735733,32.73312825375503,0.07851538212549589,0.2585156610574108,0.10339168834629053,0.12156020678641824,0.9966915424377046,0.5608405221600367,0.14049573457890385
2286,63.02826318313619,39.94339582357817,0.2680165380598626,0.32357487069485924,0.3272726362072958,0.27696343322629247,0.17377168199229676,0.8819348961277454,0.2989568695470775
5831,57.89308820038107,33.90445655281901,0.11872200804958362,0.11445571612142372,0.7128758077282714,0.3072134936271384,3.210898911777445,0.9965685361011891,0.3133167563816043
1715,49.839041963159005,44.53940561171084,0.17837485001605094,0.19189235796023651,0.556151564767053,0.17786184221189152,1.2432797831584792,0.30931624833405214,0.276070153738808
1378,57.89116484406731,47.12892865432686,0.1465219145521397,0.3718881948697679,0.5671545813280235,0.2038605871763133,1.2949057351202722,0.42302150191964105,0.3223563194815611
625,67.30429253172775,58.73506118592698,0.19040544272853582,0.13352866932433136,0.6493673072461075,0.09693315907062161,1.3764712980463503,0.6580546091631331,0.2675586445923991
6116,54.713391687120385,49.28849161634914,0.1558737273834263,0.28952448895267013,0.3658640988992601,0.17216942869892354,1.8451928872548362,0.6951108120121894,0.24585793598357003
834,67.51714924651205,45.46629629833795,0.0789756187963333,0.1268708976589246,0.38629101419247847,0.19504202692359354,1.8845492187345982,0.5560114388229728,0.19679488939283246
7445,34.04203916728204,52.80583906828443,0.24684699810377922,0.31566322735850505,0.2570079984453262,0.7415287340413808,1.0755765965486241,1.4263549405465237,0.3902617394872478
2048,61.57522003500179,31.522052836944802,0.11718536560743013,0.24558427729947657,0.2988365374692594,0.11470158625755833,1.2335854285056072,0.6885745346486692,0.19407694165843112
3384,55.69637654590537,48.64930190675996,0.06887851803842135,0.11148555265560979,0.47619085481742207,0.41588383809707896,0.8026199049127568,0.8714247162256629,0.26810969090213305
1919,52.60794119627306,52.39605635720877,0.12109528482766782,0.4475689459864077,0.6389814173133282,0.3292267599377352,0.7278973342840604,0.5980216343727432,0.3842181020162847
1536,55.73408621228402,36.64989627954111,0.3176706611681925,0.1731511875732236,0.32642820007383644,0.230127975360558,0.7247643226224643,0.1559560207813087,0.26184450604395265
2244,39.09944868319286,55.00627830244851,0.22946400245566578,0.16672315783842367,0.2794542298827972,0.4818474685345815,1.222273346342566,0.2431592661926373,0.28937221467786706
463,53.242624897299905,49.3694748524609,0.12600344235956917,0.27637137323761374,0.35009240499587685,0.24089715576605242,0.6051317789980186,0.11836066606290155,0.24834109408977806
1986,57.85690057209397,44.09298460269439,0.12596529618824343,0.44398003383304563,0.47273573328659313,0.24296003489987214,0.020688388100361745,1.0862180168332347,0.3214102745519386
1373,66.82315235793213,51.429473062743995,0.1277171136424814,0.15043784492797205,0.17003524624560468,0.1947578593509993,0.9824746124276285,0.06771777851684656,0.16073701604176435
1483,50.85383825381082,62.89485000463077,0.4236930633438345,0.25783010049519584,0.11103469032255296,0.3687436944670117,0.42016410113158076,0.40681864607284085,0.29032538715714873
971,48.5320511768545,48.27306378540947,0.1815630579725233,0.30978210648263743,0.26577889192145165,0.3460391723222071,1.4495520317751072,0.3267061415501474,0.2757908071747049
2336,50.98594365132371,48.737544104102355,0.18598315734263116,0.3535460414796347,0.19010507422300285,0.14627358276676733,0.7999113177853572,0.3181867499873982,0.21897696395300903
2039,62.32321694161659,43.78447370321829,0.2510813577596585,0.27305730880059775,0.2714731001042912,0.10340918306958032,1.8617902806149205,0.34668632867235577,0.22475523743353196
7491,57.630008877277476,41.05108941374646,0.16902216727169153,0.20808507246547975,0.32507079685206886,0.180697985251773,0.46115582164198604,1.6325452400177405,0.2207190054602533
17729,50.76191836986369,52.81235071580972,0.13177741129960305,0.16528409935292496,0.27902711123116647,0.13406142418316988,0.2190376544946147,0.032176059518992786,0.1775375115167161
800,59.106139464906846,41.00741321863793,0.13597354837192743,0.26100325000860986,0.7235480243746236,0.19374736715047636,1.236009767764285,1.2932941328299243,0.32856804747640933
522,55.776620394784324,47.500963660535746,0.144724894991074,0.14626081204167032,0.41211627762852954,0.3713096809223392,0.94821358774308,0.37630417671017574,0.2686029163959033
5960,62.74915992426311,43.656397872644185,0.1472341498779662,0.05801987800853441,0.4067384436603402,0.15912125776247513,0.3831851420293295,0.9452793548632346,0.19277843232732897
1822,49.38357524898118,50.35285878022474,0.21582115226155785,0.31098379973589185,0.4777257038698923,0.19576318244878146,2.3061292391938646,0.50200092231838,0.3000734595790309
715,52.37870282721786,49.33563473700864,0.15394697685647893,0.3928501880901483,0.198049420016405,0.2058872592854195,0.5429944349332397,0.13475010518165265,0.23768346106211294
1451,51.863134774942736,54.26277960980529,0.21636251967850093,0.07670713279641991,0.5884482857711026,0.30567816730473274,0.6974201568670362,1.3887532809341945,0.29679902638768907
3425,43.29188041494305,43.42988520801677,0.14406678892706393,0.1508967103756388,0.33698924342262615,0.0650315605875092,2.6155870325783552,1.2292424440052212,0.1742460758282095
2047,57.36896221651661,45.1108754529464,0.1560151143248844,0.34071217128128317,0.4893967269504798,0.1476681046204161,1.9399174027222719,0.14772872868773762,0.2834480292942659
3445,57.08844217743911,40.14865398952385,0.055231583351757325,0.6993900882355555,0.20479398814287633,0.22228474890200922,0.487436699864407,0.7741257254279756,0.2954251021580496
18269,55.04090765313969,43.88994717946722,0.23717520543361623,0.2526127722294178,0.16094356433861157,0.3644381471610677,1.0200440386912641,0.25538433837014235,0.25379242229067833
1934,53.123302932998826,49.64110345131397,0.1783734760147922,0.17372254320663713,0.5268300356348354,0.15639207301742686,0.43990101774542617,0.07227394446153432,0.2588295319684229
2014,43.677034063596686,52.29892031651747,0.24706225490650652,0.22815214232405118,0.422478229446448,0.07826034409000708,2.4857080783847656,0.2045690751722618,0.24398824269175318
17187,51.63483741787713,40.54484273075662,0.03525148320107812,0.4971536471108765,0.2229410478969817,0.27264568348273,2.484544609035836,1.32760993110412,0.25699796542291653
2801,52.25828386778584,53.08724144073962,0.42616331719030587,0.1809967052931685,0.22658079991961835,0.14556695784568133,4.0,0.9638019712514654,0.2448269450621935
2132,48.581781846227045,56.48946501163466,0.13988777304311387,0.1676477269538209,0.614402681774228,0.11033090054258188,4.0,0.3507337818480062,0.25806727057843615
112,53.70971430667193,49.894044322565904,0.2610538485863056,0.19638738383634,0.19310367252954266,0.14637102593955098,0.7917563952865048,1.3323957265934139,0.1992289827229348
513,58.232406854516306,60.13757068790646,0.08918227691344655,0.15521272785055423,0.7957377176531463,0.18237311805968245,2.213183645669394,1.1575711050567525,0.30562646011920735
1302,70.08948720968424,41.58347560627499,0.20377618243782702,0.2658138032408919,0.2231005991851682,0.1478125673423081,0.1808222319843087,0.20493468433337006,0.2101257880515488
72,56.396622502654715,38.28741707682008,0.08858189687370314,0.5632931284558211,0.48160733159373315,0.06638919637166882,1.5338715311703464,1.5842111108472228,0.29996788832373156
18231,57.060403125782116,34.54895825767005,0.109809913704608,0.293829760709142,0.29696785974763706,0.31320266248535256,1.8227658421752293,0.323460760296781,0.2534525491616849
1,54.40443267387066,57.47231018042428,0.3905870918938006,0.2203647585480975,0.4732041348019976,0.3783254814621144,0.5718050198436004,0.3694664376754098,0.3656203666765025
793,39.64983027760767,51.5805595944784,0.13635940635051608,0.21605981343564876,0.2666337925402398,0.2770168576333741,0.7492337850596091,0.03377316010780668,0.22401746748994467
3245,54.78788899640627,46.61090730362682,0.16722692638985884,0.11441881286130438,0.3226398550966654,0.1132360447195273,2.4962058891026486,0.25028731060988,0.17938040976683897
1194,55.48184167952821,48.95978038423874,0.23175230708149785,0.3887808457925328,0.35723461192033257,0.18083257434628172,1.8557598581177943,0.40981994688383844,0.28965008478516124
1755,74.70593689988229,39.121576668911366,0.19218841867415143,0.24045725006925633,0.21205367500086875,0.19934893051123875,3.9028326605916264,0.6126196542212673,0.21101206856387883
2228,53.46111228175102,64.12026385731778,0.16171649102060526,0.22842797689562797,0.5069160090242391,0.26980907016888733,3.6063781646015833,0.13533626645840122,0.29171738677733994
1668,57.4123787386689,47.90454827382659,0.18002861227286907,1.2339981456934634,0.27078533121805126,0.2793561834812216,0.2498750190311455,0.21564236324402664,0.4910420681664014
16773,54.722305842358054,47.76576356223425,0.49886877574831184,0.29027750291627274,0.31219662474041276,0.1385498885850348,0.8617205654841703,1.6102786072021686,0.309973197997508
6128,45.65057569904374,52.08036636729084,0.1457402453297885,0.17166851738390923,0.21288635254250077,0.20836995815362142,0.5162521098215199,1.0986945325247324,0.18466626835245498
484,64.14258251612017,50.367064622156995,0.1658667603310822,0.20200291333737908,0.1,0.25137794632402577,2.2786596547593816,1.2601028121301823,0.17981190499812175
4982,61.015464261494195,48.56718816995392,0.25365180804580356,0.4439374936528459,0.3181170106704486,0.4141501244840441,1.6483850434220806,0.44292081929499755,0.35746410921328553
1289,61.328255576344375,41.466678811882815,0.2607072839648061,0.2645674221914127,1.169393906913711,0.2844537391948477,0.5511743246257591,0.6284391434271889,0.49478058806619435
5783,47.724900361642085,50.30027849995197,0.27155113030087524,0.12179288385139007,0.5181347266150925,0.29673684736586703,0.6360124481135698,0.788376762559236,0.3020538970333062
792,66.22235448748879,60.17417147532524,0.20643805778658794,0.39586584759101806,0.3466456111710869,0.20856081565628593,3.0851320407848073,1.5927338345840936,0.2893775830512447
507,43.785191497661756,56.41794032308484,0.08470145990796506,0.17900054939695015,0.30688949752574807,0.40486227160148325,0.9466159831998203,0.06997022649538422,0.24386344460803663
2180,59.69485675040216,58.15230638647578,0.33945828251102983,0.6378542480866756,0.3539536954941848,0.24547589732873523,0.14465262131636109,0.27771753518078274,0.39418553085515634
1321,72.52364500647982,43.421490264981706,0.08456010620953475,0.4290120258071282,0.46012247869301875,0.1300310686426862,0.504971791657309,0.5799894336499379,0.275931419838092
2240,47.075709398954494,40.07276625818994,0.1745049358150938,0.19989654746226593,0.19393571667927534,0.4034297422012907,4.0,0.5048682492856199,0.24294173553948145
939,50.46961816317783,46.11949155930246,0.10287322131581784,0.4743612198814973,0.6109981930595612,0.28351612583931407,2.6679359346012745,0.2126293884509654,0.36793719002404757
5555,55.79721092070113,47.39007438602086,0.14526593844049632,0.25862746653396657,0.5005081148969125,0.1602596569852913,0.41185180307885894,0.7331241707910577,0.2661652942141667
2827,50.972194767070405,54.659340629296636,0.1767995313116805,0.38292829618385493,0.5012104222192963,0.1573654618664581,1.5333442499240397,0.28929868312342494,0.30457592789532245
708,42.59469255147094,35.15274759199627,0.17614612422020423,0.3185652518851242,0.43579459671394344,0.2319693240771114,2.5555273590285577,0.4722312463250502,0.29061882422409585
2483,55.548503798448216,57.70685223622429,0.18522951378657068,0.16374045624880207,0.3534498058547368,0.2521211596379151,0.24584628502322967,0.7061887287378171,0.2386352338820062
17188,46.50157029019116,45.89394470994707,0.3361276265032973,0.18121533163532924,0.4899796072918378,0.22073513516892057,2.7529285263659045,0.3035476628694362,0.3070144251498462
2971,58.788739445081454,44.01183251036806,0.18818065736556733,0.4184014283790826,0.4705208258865576,0.23368445052237813,1.8430198021174196,0.9005161286269348,0.32769684053839643
105,47.644606126129574,39.91526937317883,0.13276185727217538,0.21146790801272686,0.2932169559532004,0.46791939764765333,0.7104263628243987,1.0357180546513254,0.276341529721439
392,67.39947524014032,35.416003296939614,0.24290705446066566,0.20430964000395754,0.26273141326996724,0.3417532353835553,2.0584450366677474,0.22169642723148406,0.2629253357795364
3398,48.7339736613101,52.762194087733405,0.2718826497771805,0.15507356669932365,0.3682865494373601,0.22000167548858135,1.6655846674468568,0.2871794204810638,0.25381111035061144
2000,52.4235078703546,47.513225770318826,0.0811931908015582,0.30897502570152346,0.7593351366701601,0.3202085995248818,1.7501882105146729,0.16131147929478984,0.3674279881745309
281,61.50813773895736,37.97027370181262,0.2022157767517816,0.7011510750819434,0.18836463207067242,0.11934941065108681,1.4922020927848956,0.4626650420595342,0.30277022363887107
946,45.15308546852836,37.934448595554684,0.21298498393183166,0.1465980460230452,0.16803470267392873,0.24402749210837743,0.6146807400866723,0.6122594198034914,0.19291130618429575
2782,56.81967947683304,44.6495071049691,0.12926357571474253,0.25304583699192107,0.38005408635364674,0.49421494871853483,0.7247320613672745,0.3336486243778568,0.31414461194471127
101,65.45714203425942,58.68315067702575,0.29841606402724086,0.5065237411642316,0.3590196080108847,0.1793419679674318,1.1022231803746363,0.5975532111633017,0.33582534529244723
1549,42.14013412351018,45.18286054045477,0.13915765521498083,0.2402404320874794,0.3816881777574884,0.13090873515977602,1.381411334825776,0.2794234332742692,0.22299875005493114
1078,56.47707086825844,36.477999328173254,0.15972019783522517,0.31345218107642203,0.3954046826317791,0.14435462160416143,2.145409544939523,0.28887550053431504,0.2532329207868969
532,57.07906235398739,45.27979855139839,0.13756539196111556,0.14697524243553417,0.3130403284617435,0.11598963664833,4.0,0.6398448107812795,0.1783926498766808
2988,61.25458297421848,45.090935011766305,0.15117299115878405,0.3097032145437798,0.7372041637091252,0.13508935015146858,1.5869387896116298,0.30881563298164,0.3332924298907894
2122,45.104394312975344,28.121793499408998,0.08670380334036887,0.22766808149583959,0.1571940713531144,0.16617863384252554,2.118679201003831,0.4399222268957437,0.1594361475079621
2017,44.436347095325786,46.61993593437531,0.07301098087630756,0.4092498770003131,0.2312928466621963,0.09904099516114115,2.466530551665471,0.6594093229855977,0.20314867492498953
4856,59.17553252493518,45.38345828853925,0.33291520759477955,0.45266572701950014,0.33238893506271733,0.20156794760912142,2.2254020645512873,0.5900459177964986,0.32988445432152963
1182,57.375877385865486,51.87344455369393,0.09821457441085707,0.9125498726039442,0.1539054955687888,0.3140197724278995,0.5932362842983108,0.2835364020247609,0.3696724287528724
16362,57.003942802767014,59.94269266461742,0.09137200306776735,0.3340455979506909,0.32053964057933876,0.12703203217095724,3.280309197872599,1.1194186031512243,0.2182473184421886
1384,57.77158567597581,54.8859552068343,0.05110795893807695,0.29422920609107,0.8032517987611068,0.427502154602055,2.9438507403557166,0.7594997101122374,0.3940227795980772
5734,49.559802227372074,45.117779166116186,0.10897891468410656,0.27551802932587754,0.35367428780057447,0.25819456040279704,1.4768992289595397,0.5800528734601728,0.24909144805333894
3075,56.85802957728803,39.25431863880831,0.07740802035558887,0.2095322722092559,0.3927933345793395,0.3348248835100097,0.6266937832167708,0.13634409834795239,0.25363962766354853
99,57.34457978638945,65.01351862274902,0.34091830512395926,0.29610165949282063,0.18639177428345768,0.1439405100583838,1.3645908372048088,0.5160709798522686,0.24183806223965534
1726,49.28518865578906,47.41452903810142,0.24852509808522305,0.21567231870842168,0.2571738847493044,0.306611041981967,0.28345098764531634,0.24500053435584224,0.25699558588122906
1514,69.92619608915805,47.097505043390626,0.10633134570445044,0.2719699020640413,0.2901317018856694,0.11585627523987974,3.566788310162518,0.7143273705700249,0.1960723062235102
2079,58.7906633672943,46.831124390229974,0.4625955807899261,0.4831173987278415,0.298591257418663,0.3121366638192758,0.7844153777363605,0.3644452075732002,0.3891102251889266
1631,45.46957202237881,48.38659332537498,0.24506366589729775,0.1511374420723416,0.6643140815250332,0.21794375751327918,1.0574239620840795,0.27066643815577013,0.3196147367519879
608,60.25242886907064,45.989477116532406,0.1275131634917645,0.44203992162905015,0.4625611131880525,0.26373451615362187,3.400492855652332,0.9032144236059211,0.32396217861562226
412,47.20254663818143,42.98436595183835,0.04298849134191595,0.48300086837663053,0.2007788745813729,0.11110992912736398,3.1348052470263763,0.03612730336572813,0.20946954085682082
2528,61.296676829939614,43.171987411317254,0.47158840431367804,0.23566861732031907,0.3959094580006159,0.12784037884056518,1.7137982090654977,0.4865984519860292,0.3077517146187945
941,64.26876463205923,46.77072710848801,0.074877171726873,0.08653365975465357,0.4490094924046683,0.26959786926164125,3.9222420415715824,0.7518481673709201,0.22000454828695903
1552,48.43454145318631,43.19602660206365,0.06588665522464955,0.1844816359379426,0.618939589203891,0.12447978888282782,0.5758138219125475,1.816231817129278,0.24844691731232774
1083,62.70700903395458,42.01007952125985,0.250114924466881,0.47816611409256105,0.7713972630726555,0.25212386955552674,1.714444651083283,0.2879327702907402,0.4379505427969061
18277,58.30224741549198,47.74501159384328,0.5080152654705645,0.24715777223832977,0.21068962070155753,0.10096242958367835,0.5802989826830988,0.6213537473622711,0.26670627199853253
2076,61.57648127995592,45.21515947805401,0.29969692180576857,0.15168557634590302,0.23334181573820956,0.3056389406847725,2.8240217996597696,0.040658052945776534,0.2475908136436634
582,70.17434386123158,57.52795092007882,0.1988577717007758,0.19423591117002567,0.18663301929304335,0.10799184436822497,2.757355994890303,0.4642684651348679,0.17192963663301744
2282,53.036895071977035,28.443211341248915,0.20194844961953953,0.38060836425359873,0.311351726008227,0.2636091029925649,4.0,1.1834784443698194,0.28937941071848255
2517,48.970110685140085,54.64054796345723,0.2298307281691455,0.3285955627337796,0.4419126957793243,0.27345384024343933,1.3330093998896766,1.8292730290850114,0.31844820673142216
6657,47.88388456299582,55.7225963474834,0.2192252168847092,0.22184853367672874,0.5734096672205911,0.14116528774459053,4.0,0.6725012990048559,0.2889121763816549
713,48.47351772027649,32.486268373142956,0.1726438852328756,0.20810623863087294,0.33695778069324966,0.26755647086411705,0.5359084017887911,0.06382244442628326,0.2463160938552788
6465,54.383186324687166,44.60118684143756,0.15802225002765619,0.20552791072775825,0.2982730651244402,0.22781604843783193,1.2784319118500627,1.3315173034558485,0.22240981857942166
1381,57.729215798533154,44.39991393802946,0.1453782156299156,0.15763083717114051,0.37759120819100944,0.1527643347936752,0.554372649114043,0.06472664102380986,0.2083411489464352
6063,57.213526394640155,37.14741813697525,0.10288923278044568,0.5606791196221385,0.23052555031990543,0.12078837223197278,1.5463282047405302,0.12006055450486225,0.2537205687386156
16229,61.61746599228819,41.555283186863875,0.1303597264650527,0.2127889188964401,0.9949599800862343,0.07496373930657,0.6006136036871503,1.4182532205239742,0.3532680911885743
1319,55.10401513502325,39.2259690817392,0.06433841501569848,0.459454620403178,0.15666388349057664,0.23820755898644114,2.829230302346212,0.4336765969338283,0.22966611947397358
2078,66.62827261725853,59.26589310396536,0.14280291754710084,0.5349209311996439,0.3838698043524235,0.09146130447009175,1.8867559515286036,0.25538504330953593,0.28826373939231503
7339,52.88274533409635,53.54974875203223,0.09150007029392493,0.4118323573618372,0.9626946351904807,0.20976533767400407,0.4935377179328755,0.8383016936758397,0.41894810013006173
740,76.76135333271695,55.90088566495911,0.08638729665018552,0.201472070029341,0.3511919980000399,0.17531656077363303,2.3946264886096356,0.5413099808211236,0.20359198136329984
1941,60.00533878212005,52.051704448302644,0.16411745650419896,0.3059207137634387,0.3182743150840775,0.28086910836084344,3.7415631067729325,1.1025054037102577,0.26729539842813965
996,48.14273954866974,39.096637601479394,0.30085741171221586,0.24699377025414987,0.2927182209607605,0.1719656275131773,2.018455705460706,0.5637315794365415,0.2531337576100759
1850,46.4328600155111,43.32835813604159,0.23741118534594222,0.1591122594699157,0.31981327619769484,0.1696255691300553,0.361699225190955,0.5751672788121382,0.22149057253590201
819,58.85977932194548,50.425621928595426,0.0684008322727449,0.29401787321026684,0.6953097236415487,0.28837240527059865,1.1853204459724407,1.072208326963746,0.3365252085987898
1609,53.21229771739319,38.44510533775638,0.09145263845965258,0.13864837090265117,0.11581593907697385,0.23647591917795033,2.203593555603273,0.4281558901374667,0.145598216904307
5214,60.71200395273674,51.990989011206715,0.24009168904948697,0.4527321236683565,0.7534404661055365,0.23425150483172802,1.0980702811483292,0.17859429195632942,0.420128945913777
545,58.78590099658836,45.31772221289305,0.09177974194808154,0.1981753548306398,0.17173534127462148,0.25288912750036474,0.5294045313472387,0.8777390596025119,0.17864489138842687
15161,54.417368698745015,44.376254347152816,0.13406419053548685,0.27645297821596265,0.3063128575270821,0.09280785725874945,3.049821679386543,0.3516216384291224,0.20240947088432026
1163,48.22565025545276,51.97671977742444,0.1974847455444429,0.28804158256945733,0.2823961703190954,0.29198770830650356,1.0606608360110392,0.6039690029291205,0.2649775516848748
334,42.88122220251309,50.10984318040228,0.09243105975186515,0.2196440828379491,0.46975429873726504,0.2716601301687708,3.7430901816722164,0.026458300160307004,0.2633723928739625
5656,51.42788038346383,44.47323683926644,0.15811506811500378,0.33522696792207357,0.15741269365049104,0.12029845767716922,0.8656265540445152,0.4118735017341085,0.1927632968411844
18015,61.85119035458778,55.11530862354974,0.07698591989581745,0.19715871998500936,0.4409888040683361,0.17702255072968662,1.0113273944018635,0.27499110616265693,0.2230389986697124
705,56.71274995304163,39.43255670680072,0.1110467709106409,0.3864913805908639,0.9630332763935142,0.19610764599626557,0.8092718135389003,0.024818532926729434,0.41416976847282116
2326,45.03408977030409,51.31154924860984,0.17600743899597723,0.12754523394746342,0.17703476968615317,0.18699258699804913,1.1694813318051034,0.4242618498713975,0.16689500740691074
1638,56.385447406809455,51.15170880577869,0.06763586754545577,0.26630724740400313,0.3848240582545334,0.23633430513050296,1.8647128431999342,0.43784842031132537,0.23877536958362383
709,58.08253903783069,44.833174924802066,0.1869558818486164,0.6591330542540097,0.25137404917393485,0.40911682766339735,0.5558597041365987,0.6422445702407454,0.3766449532349896
1421,47.92914051039094,49.282931155694826,0.14853437228128383,0.151607547192297,0.43306020399202283,0.3435046780628777,0.46168030759916107,1.1681732163513292,0.2691767003821203
3,56.22980084756422,38.242204965302875,0.19772561193992064,0.17814332672361127,0.35336695274550733,0.10377320220639269,0.23962776770657848,1.025990031678034,0.208252273403858
2854,55.465669747568,53.46818913444831,0.16776972608990853,0.3232463877142786,0.2539632826215886,0.2729673966059029,0.20626343610181982,0.2955557185962974,0.2544866982579197
20,45.85623761735501,45.70568504489908,0.29669524743408926,0.2734863764756149,0.4466919900979791,0.3886907445636487,0.36620884998651615,0.5515784861740686,0.351391089642833
2209,57.86229888278626,43.340938856366726,0.15969209348054575,0.2979053943564391,0.8627346840791931,0.2426746426114191,0.8606158497508949,0.7227061643129727,0.3907517036318992
18299,59.486276210945874,54.343064580858226,0.12101718054996412,0.3192755371978013,0.3181367299033387,0.34509080287524696,1.5254671074010377,0.3043477451892785,0.27588006263158776
1234,63.66440994540221,42.06959416620069,0.1594585550658238,0.3433744875913791,0.5016045827583363,0.547002071480034,1.7911923293922898,0.07430689048008036,0.38785992422389326
7480,63.43041641627922,37.14077092545509,0.19681895747548644,0.4354198938978503,0.18333162577268838,0.3336765596811151,1.4733293707644775,0.3822683750689493,0.2873117592067851
3385,43.97864505634327,36.10359578533267,0.15370963402034837,0.306853442106541,0.2169604255289304,0.2265513577761598,3.4633324530080807,1.2061961079702401,0.2260187148579949
49,47.49739968067902,51.24206965941948,0.15307548101356014,0.2215907230608417,0.4432510409602531,0.3372625150746908,4.0,0.06896820534534298,0.28879494002733647
3165,59.12028213766928,38.036994532526016,0.10559800195293038,0.3499351209070777,0.735088697462308,0.21502650145148045,1.0647220108895803,0.15742577531832316,0.3514120804434491
2830,59.11028760729767,59.28355927389055,0.10768225801129006,0.6463892556950546,0.4181080236307957,0.2024046452906124,0.5646569286134783,0.20117573092072405,0.3436460456569382
1082,59.12038149044838,32.426494144813944,0.07439082826236203,0.23395856912750718,0.29928734716936944,0.16777272710822405,4.0,0.1596413615059754,0.19385236791686566
567,80.0,58.87519457803027,0.3597551516289142,0.15357610858159637,0.3498760179136423,0.43703970363306227,2.979631175078061,0.8413310311994613,0.3250617454393038
2170,59.56712408554534,48.47712227041833,0.0805359506293122,0.4348500471681641,0.18730331112776188,0.13283437262737507,2.8326819295179364,0.2439589456401032,0.2088809203881533
3392,64.08452512144478,46.323008216907255,0.10607885102836273,0.2353962668349545,0.47351842189242693,0.4303079989393514,0.8315842746706548,0.8597207964204104,0.3113253846737739
15906,62.63201410794562,43.18556639233735,0.1047348230874355,0.08436276614602872,0.5440818448575026,0.25678763707309954,2.435886717746498,0.48609541520242944,0.24749176779101656
7489,60.21113001044638,49.793952800464496,0.23465057262367559,0.3819049502985497,0.27918872534394623,0.09935152107497092,1.482172758745599,0.04579864307038598,0.2487739423352856
2107,52.47784604287723,46.736557083026064,0.1294326223425486,0.19129119053924187,0.2766939662932425,0.24036101277774666,1.2583843941336283,0.3112224493389609,0.20944469798819493
5305,61.07175376394614,54.72311317411565,0.2799206948669058,0.23893565188616378,0.39976315902534965,0.06998662222558384,1.256703032991183,1.0501546909922155,0.24715153200100076
7475,48.817398283699426,47.79959354063428,0.10711360304796425,0.29514037279494887,0.28134264014453797,0.2734370347223235,1.9266352837973113,0.536648575322093,0.23925841267744366
7153,53.10545114607993,48.05211233023314,0.17245431748211978,0.2749834070240467,0.3386160423918753,0.31135480314758796,3.5383901200706256,0.33583882622058553,0.27435214251140744
4883,51.11709161736717,44.45471451450301,0.09878658018747655,0.35644745098815867,1.0000387708361493,0.14873101242603215,4.0,1.2173577495691918,0.40100095360945415
746,55.65499311509058,46.60138063395253,0.4384342501756995,0.20108299485814554,0.3093335993577542,0.21274435093964114,0.9577655673655849,0.13893404548508567,0.29039879883281006
17734,73.51726853338806,49.154612382244416,0.08283379121348619,0.32311678358101914,0.292587298476574,0.5313367937810551,1.5455876027562674,0.2537574413245373,0.30746866676303364
5085,40.06187845926601,35.02882125140362,0.1751329936847065,0.21957362091240581,0.2531955845839309,0.1553132452107509,1.2338297164364933,0.9738860355675819,0.2008038610979485
7169,60.49008152299611,37.56270204526001,0.2059274113412964,0.3617184541689078,0.5077702798246901,0.11778531146814082,1.8361952239095807,0.8272881290013523,0.29830036420075884
1326,42.09827303048279,52.202848658159006,0.1844788537004171,0.3400676811033888,0.31968018298942996,0.4195358863502065,1.116508212802622,0.12462041309837922,0.3159406510358606
611,51.22454507368453,48.196058066895596,0.13672771475987494,0.1566073264335323,0.25296386066996684,0.5335810400411861,0.750684281598256,0.7023297417284002,0.26996998547614004
3054,63.71160477573893,45.712116645531246,0.1405727213049271,0.4302868055283693,0.6776189915525045,0.20036990884495648,0.958860630041264,0.23962583270494786,0.36221210680768934
1689,55.514240152763705,47.129037531457755,0.15332211423197944,0.19123044044724508,0.7117556446142141,0.3316396156308546,0.8420563224103779,0.02236227112761864,0.3469869537310733
30,46.37804177656555,49.4330719375317,0.13937028238489427,0.37446180820760283,0.25923147063998936,0.3911359994988081,1.18717758007336,0.34254539174302984,0.2910498901828237
208,49.27757032592025,43.22168223783447,0.2428817871871872,0.3003968922798255,0.1376429727634622,0.13797537818354708,0.3943135857578044,1.9160276822423226,0.2047242576035055
2173,60.4367819914774,41.55186692218381,0.453002115247169,0.6267531458049103,0.5792244186196961,0.15690875355790507,0.8557739144180312,1.0644528034291214,0.4539721083074201
810,49.15706694626291,48.37091678568377,0.11350982551541018,0.22357075176749583,0.24854358974521645,0.3700931101838236,1.8232732204309887,0.4464979238193199,0.23892931930298653
706,56.7316687166558,40.15139055669478,0.07562098350831367,0.2099359574753236,0.5196970024052625,0.4644363435449141,1.8135720238254631,0.06253577336639186,0.31742257173345345
1081,55.36457471923051,49.8577692900013,0.14352285200182446,0.2475842962471433,0.13069694492286196,0.2650074123256462,1.6115660331100188,0.023947734582275264,0.19670287637436898
6289,49.78719721915346,35.08191477033512,0.5448387955476657,0.21483515786343022,0.5468813254778822,0.1288192410821696,3.3353660733972283,0.4874884101247401,0.3588436299927869
2083,72.1515527146026,54.20408946127951,0.10036344126421537,0.372945340552958,0.1910140890227292,0.5401505637196117,1.8755538167871355,0.6639975001331666,0.30111835863987857
436,60.07135217854409,50.3081823768913,0.3404246118502407,0.11141986284777837,0.5043725663927174,0.15336672021445463,3.262991469186274,0.8493207607752927,0.2773959403262978
128,38.798859306739146,48.79220814019713,0.34705584414523566,0.14761679726342375,0.35250672088171736,0.16914367064984615,4.0,0.7716770461413789,0.2540807582350557
1044,56.49163451815542,53.8788368876186,0.11373158711844494,0.1465782560858096,0.2172314651596624,0.23733823693961492,2.478424088116427,0.8265656473801265,0.17871988632588298
6600,49.70570828185289,58.65832111123804,0.1993629102964259,0.40206538065859354,0.2855493868988794,0.43502242300818295,0.3962963221871908,0.5966631775240759,0.33050002521552047
2087,61.81946667836979,54.10059045512691,0.33860478647039105,0.5880239063636626,0.4932876058561242,0.3065268504067992,1.6590728349797992,1.19716409117954,0.4316107872742443
2116,48.6598340925384,34.11388038067848,0.12409798108216363,0.23727891568125628,0.3690309002469316,0.24610299242979367,1.484304251558504,0.27441464036921376,0.2441276973600363
1370,54.082108468264806,38.04296123285009,0.13548285677433788,0.22976339367386298,0.46878284526087227,0.25213423685245706,3.7390732092264525,0.48080859209598464,0.2715408331403826
776,59.03989823184366,42.62626995613025,0.11214524226678502,0.2589116799314767,0.9402571923671671,0.2043991502169875,1.221451481324918,0.046119815353758004,0.3789283161956041
1264,61.926041553360974,47.18263735147583,0.09031078863435474,0.44692914474141865,0.16010219796799233,0.264379910548638,0.662788670355599,0.2682714716868235,0.24043051047310093
1775,45.39762874355379,50.62361314328386,0.10841825962697003,0.1572417375451394,0.785672030981083,0.05646027692995225,0.8983608128005829,1.0416624256257851,0.27694807627078616
1183,52.323990113272416,41.919793307925744,0.08134221737782321,0.2816444357462774,0.3687471295103671,0.17243384178338653,0.4117514287089805,0.8051141485335814,0.22604190610446354
1994,51.20043751071235,48.30736735133955,0.15257816593286555,0.4071003571264041,0.223305576200165,0.2256484673302507,4.0,0.008991844279673616,0.25215814164742134
1789,49.77336613941031,41.71231947352674,0.10206896156056892,0.3211820199712303,0.17996751126262317,0.11248392524659705,1.3528641590646506,2.0,0.17892560451025485
1958,69.12363392224877,42.71937537905636,0.16859986586591863,0.2748572099198971,0.3184205390941404,0.24261577653474228,0.4524121818023661,0.5378987864194515,0.2511233478536746
912,58.23985368768764,37.153372322062445,0.06890215611970127,0.4123959634497971,0.5548835158937131,0.1805633626987234,3.963371390876197,0.5470034353293387,0.3041862495404837
561,44.91292836531964,40.537367277223666,0.17698684542929446,0.06470540719560464,0.3283757704635503,0.4810904103294556,4.0,0.2503369557611925,0.26278960835447623
1948,62.34289557643821,37.538207760685665,0.22755677663958734,0.35086396267965797,0.7450941748663261,0.4391439348500391,1.522685803580174,0.3128566213826587,0.4406647122589027
2792,71.97724957610106,40.16888722915867,0.05535502676409903,0.18026411415162186,0.1694139806912955,0.158446117365324,0.37443987378111343,0.5325535356577612,0.1408698097430851
6378,63.25972208440918,54.37549257625488,0.18084920799121118,0.1000974758214217,0.34789081500549196,0.1854709953948432,0.9168199740710135,0.7679718041831584,0.20357712355324203
298,42.845040272367896,40.3542077781764,0.27712531104428423,0.322809452119087,0.1871174383449172,0.1927402801132351,1.1200184124407604,0.6212918406145987,0.2449481204053809
16939,51.12612741706999,65.42667445386174,0.08192586760392512,0.4968510040187769,0.4197876951746084,0.15957078684893258,1.3880371989873215,0.27226883340122376,0.2895338384115608
5481,65.13528919349298,50.453225306166225,0.3461670588276993,0.23339601839239535,0.5453222201190362,0.22048504259771481,0.5105320997633179,0.17567209563391326,0.33634258498421143
1999,49.33864427504975,48.29385286586412,0.1849609642536058,0.4025817538801569,0.2835964445248223,0.13688981499285482,2.619640271416042,0.16174731362618897,0.25200724441285993
1012,58.550555425169826,40.991495538731506,0.1054386604421126,0.5598114590974481,0.1,0.1136370615454724,0.126695012304467,1.1061210784203463,0.21972179527125826
5253,61.19707242743469,51.902169155862936,0.1458750969574093,0.48246971147050643,0.38660644123780913,0.2730549285696772,2.914862070946346,1.0040050713549695,0.32200154455885055
1933,47.58455622737534,42.970535216335584,0.19830351288217496,0.5676148924653105,0.4354162326893566,0.27398741061144805,3.3388260472553797,0.7104559576089171,0.3688305121620725
445,54.5237971515056,47.85406870251753,0.1558101049494754,0.3623188638206942,0.42840993616380824,0.13377502709220568,0.993902935766179,1.0998913748423684,0.2700784830065459
3056,30.0,64.92059176788156,0.19637248518751296,0.25960928151053236,0.6492541551169982,0.3129348687822331,1.2681367097889191,0.4146473830966783,0.35454269764931917
2925,46.80489886932568,46.32758070192745,0.09466066007390943,0.11222188324592554,0.2048762861263004,0.14584267933802125,3.6203437155466967,0.936520356610635,0.13940037719603915
1315,52.97945478885472,55.04491328399973,0.16325537721016004,0.22105900875027357,0.4917847925135263,0.22698864303954439,2.1447151961554356,0.7415474658731459,0.27577195537837607
2267,45.017734544281204,42.07776502411879,0.0739787615289016,0.16399527561836158,0.6353569142796812,0.30141539791319816,1.0233060926390358,0.9567967656993966,0.2936865873350356
569,68.05929043145308,46.755080566521265,0.14188576520044824,0.7402087763510932,0.1438310522446261,0.19666683107309194,1.1248032460764155,0.14247711193627308,0.30564810621731486
3260,43.55886897631494,59.39560444944857,0.09545753351596699,0.22895329061736105,0.41065730850851845,0.25105896267960065,1.9344477165485021,0.5892965353240293,0.2465317738303618
1907,51.47964410642413,42.61123059548563,0.10384198023164762,0.26588485024876424,0.2720111992004953,0.15448585590463473,4.0,0.3309027384159007,0.19905597139638548
178,56.04592461828873,59.6871399059785,0.2782950499691307,0.32937720240190815,0.336020381695879,0.18128748294947994,1.15298042998966,1.246339141970392,0.28124502925409944
7492,66.53018631252893,51.95426354818833,0.2588607712432222,0.25551015157557133,0.41645207803707823,0.18043807626140554,0.9978457084459373,1.006225222820207,0.2778152692793193
1533,43.51310279056449,43.062732568740124,0.20340607583900228,0.5834661500177056,0.27432646422726215,0.13769322361145625,1.380586627213106,0.635001741817054,0.2997229784238566
1965,64.30531001723968,51.42685417338865,0.08687574781236002,0.18311900407725012,0.24965478782263434,0.18308129423457187,1.3869123724549213,0.18867243590319702,0.1756827084867041
2794,55.0818644881567,53.80788114738711,0.1280513133647905,0.27554877246926407,0.35602799422626885,0.09220443368684282,1.6954898672085061,0.042616516908302655,0.21295812843679157
5647,47.14793079161639,51.35266973552037,0.275113611227041,0.17247039956342156,0.20322427762164585,0.15645062937804044,1.271315887547579,0.26617168271775105,0.2018147294475372
416,58.69682779410616,36.008426960766805,0.16101439177821264,0.12921137926180182,0.2033687004555923,0.1734483082545592,3.0333931614565106,0.8364993727936281,0.16676069493754148
4976,56.59247756458776,41.91003976922592,0.4783296140963726,0.18411791088701102,0.49157759253213845,0.17595486095558316,0.6173314551966511,0.3344369296791268,0.3324949946177763
1906,50.19826498272964,45.26736955113947,0.18259931445379485,0.24541300336932778,0.19706549529371226,0.177251325515979,1.8346547639011204,0.7178215145778359,0.20058228465820346
1141,55.55841667992015,46.47896599629968,0.1651179145555075,0.20170572042290097,0.4883778577653585,0.19391797621044385,1.8870982529651166,0.7480246059861936,0.26227986723855273
1272,51.91749122510592,51.34470468285475,0.12851903966967698,0.17684089463003602,0.44108111858910104,0.2541788430101326,0.6689055845419682,0.8265718760258021,0.2501549739747366
2121,55.90813876200998,48.24390700653278,0.16035750781859714,0.12375479968454561,0.1476773446390615,0.3096912717348997,1.8214292203655227,0.03038599937812696,0.18537023096927596
717,60.29704539616837,37.65258948902929,0.13898977592179762,0.2398246740406069,0.24942314416419764,0.14452243472647056,1.9228829456822742,0.20895864234271225,0.19319000721326818
2318,67.68813452916282,49.66138495704174,0.21372489111317877,0.11781324848927285,0.6358660042536657,0.1095868010464429,0.06027922629207147,0.7067113778923098,0.26924773622564
15110,45.097476009385204,51.27410021698676,0.2420117920608101,0.3655813768567848,0.21429431821814737,0.11878262718594297,0.564000777431316,1.457992191240872,0.23516752858042134
812,72.06426699725013,50.91853313551728,0.10125484572383482,0.26052030237305146,0.27747505113607285,0.15675998943737715,3.822953869671669,1.160456771865325,0.19900254716758406
14796,39.38329760381998,54.565465078882355,0.0770934881582867,0.12062483214688666,0.44096415947366685,0.1677301952266156,0.8182107681509646,0.6068880620206761,0.20160316875136394
3154,53.785719239715334,52.83745508184233,0.05989138115528022,0.21418848091727263,0.5178203715885551,0.13609039491702507,0.4512948796149873,1.2565531767526332,0.23199765714453324
2329,59.706537651876616,50.21426055459906,0.19337493205950357,0.17163716023001696,0.30863634643506743,0.1046120801975852,0.19521943709854545,0.6028567360888997,0.1945651297305433
546,57.24793494188026,46.508840019789474,0.08639691688823076,0.2932566526095511,0.25960936453997907,0.15921523288931033,0.5156109076850789,0.06606969711373645,0.19961954173176782
499,50.01840384143525,35.37327346538806,0.05112072527273848,0.4886693773547703,0.7127409891435461,0.2189910095312313,1.2293374335632965,0.8151275798407811,0.3678805253255716
727,53.3350219971418,50.0073275339281,0.1821671361860529,0.09789296452274544,0.8349593043704426,0.2693016426402878,0.41938689257339273,1.1915992363253105,0.34608026192988217
7281,51.05599252272934,48.45381381014178,0.5217220906982589,0.26479977051729686,0.570984566203263,0.15135163527386675,2.16465489619817,1.8084549864767767,0.37721451567317144
1902,50.285081944446304,48.901051860367616,0.14954537198520154,0.23076376388557493,0.3652537164870259,0.1626854294440611,0.6579811929486764,0.25825047564282244,0.2270620704504659
5849,61.7968167761682,38.06275996925783,0.22812202458168052,0.3497193431476961,0.23364439819544772,0.12583458312921916,1.7050563044746014,0.1241330854519531,0.23433008726351084
17092,57.85612388772038,39.43260421714216,0.15626448266388934,0.2781218235693645,0.23106774853068873,0.19688066452582423,3.4634766564026735,0.9387198384141118,0.21558367982244167
1187,49.456723237914765,54.372069973330326,0.14276365025979307,0.1716532153932156,0.454496497408703,0.13085672854233768,3.3200960943206987,0.6713857769361787,0.22494252290101233
1570,62.196799003466005,46.72311392300342,0.23750140413156867,0.2131367439354193,0.4314416454716488,0.2663686557555443,1.6835866151946317,0.6206882652959503,0.2871121123235453
6875,57.45839616701287,51.770504881608375,0.12973553367579505,0.16791333605040284,0.7053770277214104,0.08189059266455027,0.48327159617847504,1.2701193575004859,0.27122912252803966
1956,61.50289695071168,47.19822863291323,0.17145681908328514,0.4281460977256762,0.4845197531869932,0.16708497750309945,1.2966740386575137,0.9357786931643362,0.31280191187476347
3055,60.037030735388896,47.20829297647022,0.176176123644417,0.25267819995647056,0.16507385892678905,0.23249553862739006,1.7244258090844609,0.7258650296906988,0.20660593028876667
1158,48.36803991262342,53.567986641831986,0.10740320971843777,0.6468123753659432,0.5922370418930027,0.21925482211847383,4.0,0.2944303159438341,0.39142686227396434
5615,50.518551678424245,43.387686902478386,0.24632614951671622,0.24253123615159303,0.21249168131095766,0.7688025684745277,0.19282062478314127,0.8757982984320111,0.3675379088634486
1893,60.978348840986094,47.67284543858688,0.1374355961510881,0.17543305802871953,0.2888615531565207,0.23822542251569595,1.3002711663425277,0.11744716766898276,0.20998890746300608
5008,59.88296212346772,43.7640729790647,0.1027976727709402,0.11728463070662086,0.39664166165632764,0.12106045732480598,2.1103270942927153,0.601359137661361,0.18444610561467367
6651,54.83278724828681,43.95852640797379,0.1961520680646615,0.10148297797461814,0.9493398984817933,0.19067782867568261,1.4645302753659406,0.45216221443002047,0.35941319329918886
5295,55.93861906647025,44.83579513571952,0.09571751515642246,0.1132268067363676,1.6572127974166226,0.08228544177021671,1.5884945443567773,0.06112333784068058,0.48711064026990736
2003,65.2213191663074,48.55493640143599,0.15212854782046975,0.28572340954030834,0.4740414115658484,0.19210027319043468,0.69452185408172,0.6730493721362513,0.27599841052926527
6208,50.26742888931336,43.64875964835566,0.1493176320615665,0.32240980718470513,0.3193650625348986,0.13186640648966613,2.5882875177632134,0.2588612267096055,0.23073972706770912
7476,59.3767790493603,55.79029287901464,0.258160911117522,0.11339366968435151,0.457229740365615,0.3160854234182804,1.3874034202603145,0.6592037709128543,0.28621743614644224
2226,53.38245878052885,40.73774888446347,0.19018255193317535,0.3911065678517459,0.5455316738208419,0.15194934811879898,1.584189932284672,0.1631650805535656,0.31969253543114057
3131,53.258550374182235,45.691898490870486,0.1481346732981724,0.19635620691726727,0.29815078298340153,0.18865772768486427,2.7791177313250905,0.9432870765148288,0.20782484772092635
6884,63.79021481589752,43.92188259208078,0.22577037517282308,0.2690392887729859,0.8588023758176594,0.14555273282212441,1.0490896743329778,1.6312536427379385,0.3747911931463982
1768,61.60333079190424,57.12884519047613,0.30058755279829624,0.5597953284373297,0.39266959539595514,0.4771080773487794,3.1991887156314283,0.1175046199880384,0.43254013849509015
7221,61.50807708800511,48.375883435581024,0.1982522970879286,0.39145891828815416,0.4489020439546594,0.170322889146289,0.40474867825711913,0.16290586771062554,0.3022340371192578
1794,65.44383045723464,54.22291177628044,0.15077845952395072,0.21858951142291522,0.48828306089486884,0.49999389496999463,1.6522006846133568,0.09228547077054575,0.33941123170293236
1647,55.168030733062075,36.601077388741196,0.07784480599333989,0.1601105965934893,0.4321299960631988,0.3004836212827645,0.6560654175072088,0.38015430014568985,0.2426422549831981
485,60.45562377035971,48.86935186108481,0.08806528923889864,0.08524702491505974,0.5324044286266663,0.254512698397087,0.5074722583036292,0.6505307497368529,0.2400573602944279
2273,52.51786594725235,53.22741556936406,0.12876936576208287,0.1744929357894404,0.25705923923925644,0.24049130624110363,4.0,0.8330670142712194,0.20020321175797082
1527,57.593330819907536,47.57598792492797,0.11059547698696615,0.22495396886412755,0.26474901858122774,0.2435241255030865,0.4271524437095228,0.5910903426946581,0.21095564748385198
589,53.95885556505852,54.45836262545746,0.13661266278765322,0.15260778820631463,0.20191686191393574,0.07628536237826412,1.4082860851114964,0.8124431212977407,0.14185566882154194
385,55.77596771994175,43.37898084929739,0.15430948930598937,0.2341196792307862,0.43601810590575296,0.1739687472319619,0.3939092519982985,0.43726530649259526,0.2496040054186226
2506,59.76125620349531,56.86543208129906,0.19548461316206145,0.25979344145909833,0.5166684672502099,0.30517834766126034,3.0670367178824733,0.25561063230895875,0.3192812173831575
4901,48.45423453413222,63.092286865334756,0.14480469523278697,0.22341542414061977,0.4400197391274736,0.1951695708544057,0.9645474841586046,0.16792211632462228,0.2508523573388215
593,71.73909820548369,44.46013007692239,0.19130827190726604,0.18063160532122538,0.8084989425959351,0.09905967468612292,2.769121684980786,0.39394074783036936,0.3198746236276374
768,46.951860948002384,43.881482350194595,0.1549143682731062,0.2719962430394412,0.3490220654779256,0.19482761486706715,2.059650185033245,0.17295183271253495,0.24269007291438502
7240,45.286491097698146,57.173691339823904,0.055862985819267796,0.3118216041304806,0.4889713908184981,0.4688909027625253,4.0,0.6339261762340895,0.33138672088269294
1741,64.26488698800054,58.057005020114985,0.0937814989469948,0.14493152349860175,0.20277210570305398,0.37306893851238304,0.314719345676576,0.1763128785162208,0.2036385166652584
822,61.333301551703485,43.33997980992712,0.13957352400762607,0.5061976004275374,0.2884100647113653,0.19389472591735168,0.5595232620524548,0.2860769742316327,0.2820189787659701
15978,59.99295853641724,44.058692280329,0.08192366693468651,0.23797529165823286,0.4955667381844509,0.32183596976309103,2.667426528721336,1.1017312275438904,0.28432541663511535
1196,60.02676407411424,45.02750773797645,0.2024716059317827,0.25236734121679594,0.5351163553341073,0.1665114134572691,1.7115056706583252,1.1847769101496308,0.2891166789849888
2109,54.90202581722468,37.58884642276006,0.3224701940028547,0.3562269862479819,0.302157885566402,0.08531766904947141,1.1119254954550957,1.1561964068440866,0.2665431837166775
1318,47.82196502811335,40.56943637461061,0.2758938581816724,0.2809197337450428,0.33769176061322875,0.12597511311509418,4.0,0.4440958958990649,0.25512011641375953
5636,55.60643646554981,39.971014632735525,0.13481640078625787,0.40263451300069936,0.16385735801301834,0.4369250852657957,1.334038670058649,0.2667985622570312,0.2845583392664428
633,49.58270630790311,41.6254170442711,0.31608095343086995,0.28859461885017806,0.2927791451822822,0.17439464847135186,0.6791982153084699,0.7182179997179805,0.2679623414836705
833,62.80095786734201,46.75720578829253,0.1615749340044385,0.18405639966172313,0.5462762150756015,0.17708420906393812,2.7920580991493997,0.18071967901900976,0.26724793945142533
1713,53.82354094798289,48.639503127755646,0.12673424165352726,0.29952943118745645,0.46662953809111024,0.17215552242405227,1.3687863605438686,0.8665585274888692,0.26626218333903656
90,48.39602242565991,57.853503449698536,0.11038055237760896,0.14111819677217838,0.44955851129531327,0.5182126407137974,1.4516978626282917,0.24184472559520265,0.30481747528972447
521,52.42891326677605,40.01152171482846,0.12894686894179136,0.26394500597622395,0.35881968713877116,0.45092310416774517,2.1845583903179215,0.3783488296961094,0.30065866655613294
5813,58.303451634205,53.890256789336085,0.12353776327393001,0.2458805681066932,0.3512382379407324,0.6065016708418728,2.2450812576972963,0.8821757701103616,0.33178956004080706
34,50.4902035775682,45.502078090421435,0.16334154967173226,0.22529316039860592,0.2515829068566466,0.18471142850773917,0.5523612722076646,0.039213084922307524,0.20623226135868097
1583,48.422236835468546,46.65375403243297,0.16253970081226823,0.23443823479876602,0.4963827808052797,0.2318590423458269,1.0608643907156077,0.25314405979613,0.2813049396905352
1197,56.9494976919353,51.723736445166224,0.15022862556683456,0.09756671448251104,0.43199742461118357,0.09369043396133109,0.35866288753685827,0.6455866733390588,0.19337079965546505
500,56.95973256886978,39.14094584906391,0.18662558285132813,0.1900141349736999,0.4476190690802269,0.4185450705568673,1.7302802719768249,0.7673786023419308,0.3107009643655305
16312,50.94445459703096,49.67686822328835,0.27204253465799605,0.2618792103963044,0.269054976721519,0.11154494355706816,4.0,0.6674672131119112,0.2286304163332219
1995,51.23169355505342,48.16516545749139,0.2411483638756124,0.2708023215303725,0.11925471819327835,0.22289596733804454,0.574407137202951,0.37378310310684304,0.21352534273432694
6486,56.85639949886109,50.44715884805704,0.07139203509782806,0.14954888769958755,0.6057755333026383,0.1155456976926936,0.29038306366679006,0.9544663789881052,0.2355655384481869
1815,43.415325268021405,49.02418050735473,0.041832549247702994,0.4707441960447947,0.2754798335557945,0.1489907097273913,0.78078001228209,0.1613305461895076,0.23426182214392088
2399,43.740289804987555,64.18710097937625,0.2393184877881405,0.1621259486153439,0.22736241187338904,0.1315893582188621,1.1041715088812305,0.15308080308054242,0.19009905162393387
2912,49.252446229980514,42.53582011024079,0.07573163288990181,0.40593356699644184,0.49505685296118235,0.14758137760373238,2.2590673421750274,0.6402119470533509,0.2810758576128146
2834,53.292422786305224,43.28302131498727,0.13405532570691853,0.3095309536131872,0.28770246386368126,0.1527428846005414,1.0128619629568847,0.14018752683166033,0.2210079069460821
71,57.487260524784034,42.63801631502665,0.08356115684425118,0.18097289396295152,0.5946073944575512,0.1520459790851579,1.7532126512786435,1.6730661990768625,0.25279685608747793
16936,66.80284973559641,43.11166016587822,0.060925089912875256,0.6073567616777747,0.47648494578141454,0.3033794470220916,0.8831388046143464,0.260990571274167,0.36203656109853904
710,61.86127698561616,42.538290108854376,0.19663842932085812,0.137640126774031,0.49261001485549316,0.11510974412109198,1.15352562537354,0.9403657728695539,0.23549957876786856
2779,53.72049176029258,55.32311571775286,0.21925005327672312,0.39585105021115824,0.17678871144696026,0.22331606058347936,0.6588855048820162,0.11157837463075691,0.25380146887958027
3275,54.84787033677849,56.94352973592898,0.11243554158317073,0.41230034516569886,0.6415615632959569,0.3677108673111105,0.48197792709122445,1.4172039621313637,0.3835020793389842
972,46.97976508289753,43.004775943753664,0.04106327410847066,0.17877907278929323,0.39883923667672627,0.15473580585545152,2.3163318002093405,0.4728065802339447,0.1933543473574854
2319,54.85189491206088,41.1735109882704,0.11414996541189429,0.501545117216302,0.2909916535671578,0.13968053484732956,0.9357947616107153,0.2535052466587319,0.2615918177606709
2081,52.690730888638896,50.29990889470483,0.18246115422375217,0.22061909458212886,0.37601438030650747,0.1782264716017412,1.8474661307420608,0.34897269230351813,0.23933027517853242
15503,57.58174848270472,43.1344386900332,0.07160604585440908,0.2888211771760397,0.14400032233835577,0.36074811439152193,0.6494716008878262,0.21200721277495763,0.21629391494008166
5013,48.38215245158142,51.43052272428858,0.1644020996256087,0.28475291440854533,0.429344471340857,0.22038393447156626,1.3407609720025655,0.37734658423745615,0.27472085496164433
1671,59.154772113929376,48.420461145959095,0.14885614495967808,0.23376271142708763,0.20919093518418513,0.15334805686599892,0.13086245327245732,0.12049757632713208,0.18628946210923744
1355,67.26191130402063,36.38979119501938,0.2003931213251495,0.3749771363739197,0.17796697716959176,0.2547431269477097,0.9949827626293642,0.2622377616971058,0.2520200904540927
2266,54.12991881234514,57.832536409310435,0.15924206697587925,0.3717439378471179,0.16349028365330218,0.11525779228745536,0.7138795778701434,0.9260661802634955,0.2024335201909387
400,58.21369377679153,59.571143711668654,0.09221297281573952,0.10429202857599446,0.6104994190653643,0.2811805871375618,2.983492900004558,0.5631445118907917,0.27204625189866505
442,60.5211519336889,42.710479166609296,0.27284968657636466,0.47992557476221437,0.25552019756056743,0.24533411603087565,0.41046328652609687,0.15745105472680784,0.31340739373250553
16062,51.79023622491331,44.28608908044811,0.13856929252881142,0.10887657746556362,0.7535512332428717,0.17147082422189097,1.1918472723658844,0.3899625996832836,0.2931169818647844
1113,56.79273985448334,49.00105773507433,0.14796607497421674,0.41894264287266453,0.2677443006349454,0.1315023164858214,1.7146088430235271,1.1952480989600813,0.24153883374191198
2208,55.10073920625436,49.341197529909174,0.09406643750258414,0.4391378997893611,0.14904587965360364,0.12837772634905492,2.704200753127063,0.29491142957596167,0.20265698582365094
4967,55.78140878839066,51.60980990870981,0.12018042659105041,0.14489041567870725,0.20027089688953362,0.2613148585138431,2.452406847460655,0.13832557049947808,0.18166414941828357
1525,48.815921729156265,61.071431771364445,0.09637375727159604,0.20357892629356503,0.6492637083729064,0.3697427959357447,1.2676329140685292,0.7444211618202924,0.329739796968453
7378,55.19608139407154,45.76136940754166,0.13757404264486942,0.1438266253568004,0.32375403152242227,0.14542543674636954,1.4100224294567578,0.016745992062063,0.18764503406761543
1435,58.9839863299636,41.41191928823082,0.3530075815450632,0.2245279958931806,0.26607800195784725,0.25151703436602413,2.981677509468991,0.35673138052268927,0.27378265344052877
1522,66.60914886236033,37.34476540389831,0.07554169251881764,0.21431433142520312,0.37915392887233773,0.07044299894955977,1.2487253154134685,1.2764101271053803,0.18486323794147955
1340,62.67416660868165,41.883489720406565,0.06694387589634763,0.36918253037446924,0.44980966317609583,0.14930758413609463,1.526534549914067,0.37944143552595855,0.25881091339575185
530,72.22545966009245,46.76811118988342,0.3130054047124721,0.48135993261439636,0.6119389743552781,0.1969180987904095,3.0484130061912396,1.0001858100922938,0.400805602618139
3402,48.8612194968956,59.56190504462451,0.1350943543638331,0.5023528811607828,0.7221138182181611,0.1269096807246714,4.0,0.13597667251852572,0.37161768361686215
5974,61.978565093765425,43.3767209067468,0.1073504723884352,0.1887412264327126,0.29237839352409584,0.12521899684607146,1.6259130469602163,0.36542237789288495,0.1784222722978288
1160,56.46673604590681,48.56651566147229,0.252292123858698,0.22516871845273823,0.1803517862119985,0.14322654225781795,1.9635258760709122,0.33285959653191755,0.20025979269531316
2928,72.51842346574138,46.885039727490735,0.11081116365290122,0.10774225227430484,0.284632983711699,0.231461541133233,2.4018319937790387,0.7115710879538618,0.1836619851930345
1295,48.53361371715879,55.31875291413659,0.3737698190545639,0.16708887970007713,0.39864584163433187,0.18211764099274846,3.028703132622205,0.4965941451175356,0.2804055453454304
1710,48.282225262553794,64.68852698111536,0.21052369871738313,0.40499986525831905,0.21616752620967974,0.0653136957343274,2.750651283760707,1.4080069966031075,0.22425119647992733
490,50.204858836447826,43.28391858955776,0.11752835105140426,0.5607371905056711,0.21688292613119747,0.06926690911659714,0.8257186238761167,0.27845439164113334,0.2411038442012175
4943,38.008834205521545,43.57392390237244,0.4411078488347792,0.13486664587788194,0.4156431564960127,0.1476559311353926,1.7071941245839157,0.4912211424137917,0.2848183955860166
2171,50.79395982655391,54.3091261394835,0.11080565740200685,0.1859036982492923,0.34158856232483864,0.2514290040364228,2.763732992145437,0.3452598670482545,0.22243173050314013
6014,48.926938707570415,51.77324042738418,0.21738782711777108,0.24672097430113268,0.3557867918666493,0.05063104598628292,3.466630089660489,0.4595269028368438,0.21763165981795898
1800,56.20315029180966,59.92695128015224,0.17421350448671385,0.2875916227438849,0.23953163292148633,0.15578117193429789,1.1935458193952615,0.4224245005510341,0.21427948302159572
16785,57.734047806217276,51.08749729728175,0.28758139660577015,0.16677726136856344,0.3119156495904667,0.15372932687388718,1.6769358704022725,0.17869452859317556,0.23000090860967187
1737,70.00936671372709,44.48495536449058,0.3274681807892269,0.30904640391172533,0.2204821154108026,0.40040889226650284,1.8210133613240183,0.8858489672096616,0.3143513980945644
821,62.6033907054884,51.13458381484617,0.15241961901009793,0.19726366686095476,0.5462257544867829,0.16497706441473062,1.374490430256039,0.2336866883850005,0.26522152619314154
3163,50.384770754700774,54.760925064080354,0.1029173623495698,0.24819997757577633,0.587312955579688,0.24221163261238327,1.6451253803548125,0.21621929672072449,0.29516048202935435
17737,47.812682629213135,52.74337526838155,0.18878737194045175,0.32852174871402046,0.13905078461748482,0.21463650793743233,4.0,0.0668443539819185,0.21774910330234737
1408,58.93535337205205,50.55091821775108,0.10688757799991272,0.2508040740305338,0.21990106142171748,0.06892604558188624,1.1545761019891507,0.27028883109442936,0.16162968975851255
6054,44.43813434383486,54.46672282712408,0.41048070242459117,0.20099257610962043,0.16561544871444567,0.2936595123277925,1.226496701622489,0.23042130651030726,0.26768705989411246
15008,69.65167012683483,55.18506913311971,0.1605977770102543,0.23666745584057464,0.25288154747168995,0.2227423270462583,0.25621690630761385,0.025092030973211,0.2182222768421943
14731,64.4355209657703,56.67511293726269,0.12495760483326418,0.23919507640167145,0.3356987463650294,0.25786899544896424,0.20850879478574666,0.37580380416032777,0.2394301057622323
1147,51.246594783162365,51.5409692131275,0.16451067258362803,0.20777492509340528,0.16954367184450136,1.2,1.9151531316272452,1.3608036518804685,0.4354573173803836
1278,41.29492376727298,45.83017343778202,0.07648327957770486,0.2196560439960353,0.22074390924643594,0.0705457119954863,2.7714627635370572,0.0865109910651351,0.1468572362039156
5171,65.8309789933233,48.02699580503326,0.09228007765691729,0.5560090122014352,0.21186609938346387,0.4737433367682478,2.430300717560778,0.4518976913888416,0.33347463150251605
3196,54.08368123797906,55.4455627655585,0.27337439012061165,0.330934556667255,0.388217915240899,0.17322539483815386,0.6478472646531465,0.3672828833407292,0.29143806421672985
944,64.90253049578769,41.28145030308935,0.10800614834352774,0.21566380975246427,0.36234808949520125,0.23089933094261064,2.3317417975076338,0.7931219205786038,0.22922934463345096
16244,42.24457872964506,49.58071316211031,0.08887045990387564,0.35422706006074806,0.2439746625309168,0.19550016900434813,1.2112043201424498,0.8413388495716148,0.22064308787497217
3395,50.20499981636982,44.24662831370848,0.19616608450914313,0.21156899715825273,0.38235274186574003,0.16177382210525543,0.9860508183692375,2.0,0.23796541140959782
1560,55.041949597745464,47.20121376054372,0.2713711310964299,0.4494493813936973,0.2662919097611089,0.15041541542325979,0.36944780639885066,0.5812656214739128,0.284381959418624
18045,55.375844750117935,55.94916303825109,0.21488692282609637,0.30075079972734475,0.30554760693551,0.2358206914691196,0.7230412754525386,0.19877977927239474,0.2642515052395177
647,51.39947622816605,48.33769347613932,0.24681995334463833,0.23694068744296126,0.8080784938306262,0.09366555555678484,1.9474219518025693,0.26247856573644696,0.3463761725437527
491,59.98279945877999,47.32505583709304,0.10274372180052704,0.312723489750353,0.6841407562058563,0.2910825635033744,1.6939193469539409,0.2912174556838843,0.3476726328150277
3161,46.45903656493925,37.48100701314057,0.07367989454765932,0.11397998260906327,0.18275428323317466,0.1624256184081843,1.5145454556665188,0.24070939480072995,0.1332099446995204
1586,53.86096411982965,52.22377496219055,0.317761823698888,0.14231987761193504,0.5299588507422449,0.11366808846510744,0.11194807430170926,1.619316363194538,0.2759271601295438
1317,55.962365053695194,51.51838926798753,0.12765041243624553,0.1376202960055779,0.5251224280699256,0.15970221702335605,1.5262880983908644,0.8090358610801953,0.23752383838377628
362,59.115510672469995,62.142783063138225,0.13231941178509962,0.26852189741562515,0.19711779813498218,0.3749872310957403,0.815122774360543,0.706435606363681,0.24323658460786182
1998,60.69291902471112,44.84555235532899,0.2914103365083942,0.5944986335278373,0.5270639963462805,0.15303242438733516,1.7029344698161777,0.14313102300836,0.3915013476924618
1951,46.002863265297044,48.53405229364757,0.19809571020918884,0.7628878164792954,0.7551369425706177,0.2392584086655199,3.0909602642862204,0.8345278670454885,0.48884471948115543
839,42.727086634115025,48.74568578597529,0.18840222652337624,0.34394661919813213,0.19966895124854786,0.13877296170359996,0.9219169338052645,1.1260378233983481,0.21769768966841407
5736,65.22141457518808,58.042172958344324,0.44280808813128103,0.3211419237027441,0.2212253231707851,0.29215319102854836,1.443042360262413,0.3736968592599348,0.31933213150833967
1129,57.658512095836734,46.33293127329134,0.10873091702143632,0.10158867382053359,0.5821708072407632,0.28176439300941764,4.0,0.2592993440261271,0.2685636977730377
1833,49.01210770754757,48.953150680392376,0.2385443765302722,0.19058990357076308,0.40088748820559783,0.5040229401449943,1.6407916743067432,1.4344128228432014,0.33351117711290684
5385,67.40921580418018,51.255275568015776,0.15433751445385202,0.16860674351784383,0.46112598504999713,0.18319211186332535,1.3104558095528018,0.22499496478789963,0.24181558872125458
161,55.92539707434287,48.306263862094504,0.17155972102294315,0.18328404697548029,0.41497893615257797,0.27940008999590804,0.6575865430629495,0.2002861568501897,0.26230569853672736
907,64.43437747251062,43.8749646981463,0.3221023999648862,0.2298412857053003,0.4255068790860673,0.21005116340760177,2.37716403748343,0.16477975369479161,0.2968754320409639
5374,55.54014785128087,48.358629950288154,0.1933598909151824,0.19743622662135046,0.18031351581595914,0.38231820432732694,0.5583736741227245,0.4318341665319454,0.23835695941995472
1177,71.4859833990559,54.51542224901841,0.19632733321086762,0.09292670021698356,0.5908676251465317,0.1396167505500554,3.1835253162700576,0.5797704723948109,0.25493460228110953
2193,69.04272673954563,39.81439290412258,0.2564385238412645,0.36336798222164435,0.6281180651927539,0.2902724669186039,2.144397018871142,1.0101506204034414,0.3845492595435666
2196,53.00828681216741,47.93078771902813,0.12498065050058108,0.14621664694000142,0.3120732021137445,0.18144792872933738,0.8399252350016962,0.7333351071106625,0.19117960707091608
6729,62.77256760763484,42.09915429542579,0.09859597708554124,0.2817680880847625,0.34247363600666836,0.19368309219638052,0.6777825311526517,0.7236024113268086,0.22913019834333814
18222,60.16300759668118,55.3653264024739,0.08896390245685828,0.7052146698735553,0.1627767130665712,0.20938896707497687,0.6925585398720999,1.2606706990094485,0.2915860631179904
3186,65.94905246025878,36.33769166651358,0.056118021477922005,0.15786948100723788,0.4526234449671956,0.22688370303344726,0.2131312677455721,0.15571285019829142,0.2233736626214507
48,47.280612315359164,43.08754706909888,0.41936382436731834,0.070549680987044,0.46589574007110907,0.18870837707192747,1.8820405131884623,0.0793480047757993,0.28612940562434974
555,60.488411679987514,49.640483125451645,0.08640375290225881,0.21668805980788447,0.3392840445190576,0.22266623764736743,0.13327008665374826,0.7632025040366054,0.21626052371914206
2030,63.4673958947967,57.95866820464038,0.13429091877641727,0.4335212156367288,0.6140705565043576,0.4402648137604511,1.246401767745203,0.4132573219738487,0.40553687616948864
5934,40.930084108615084,46.539748172489084,0.13061167972885168,0.6655638958171026,0.29615842744441917,0.3273540180719382,1.1840307365632157,1.0130184507324824,0.35492200526557793
612,45.5339318986738,43.113603313147614,0.1749217345950991,0.13519066571231114,0.46416315493277605,0.3088620270553352,1.0235841138042199,0.4501271602072448,0.2707843955738804
1418,38.6861425779192,60.16809948608413,0.2255414374977009,0.32047700594977585,0.21020872909243846,0.15926151563793733,1.8727345305096017,0.25008646155283615,0.22887217204446314
5684,52.84474532444354,36.86390269708629,0.23064322551049546,0.1981066831683145,0.34590254690677935,0.12821351401107406,0.8417244092515926,0.7723346538562488,0.22571649239916586
2507,60.7403380463677,31.608358303659426,0.11206696280382762,0.2371011256678361,0.3207801589859242,0.3224563072515697,1.5292126895878173,0.5026711473578936,0.24810113867728942
2177,67.01885641676823,50.08010115037332,0.13797526599915239,0.9378899249971351,0.3917355972891753,0.3099282325621055,3.183101181776445,0.45048568934618594,0.44438225521189206
121,55.592758243358205,43.48562042953172,0.17276378715629756,0.11791638288584942,0.29095531249410533,0.4176537351532086,2.034969215741784,2.0,0.24982230442236522
17728,68.02892436457033,39.85137028008501,0.1324611945227316,0.28381730775390474,0.3277322148023208,0.1478690453806861,0.9511403058668959,1.1880995358021798,0.22296994061491082
1395,43.95918833428087,51.958495131095475,0.33505948462479684,0.3158626615432963,0.5289832353806386,0.17831346465435896,1.3414885236037541,0.8538073598515313,0.3395547115507727
1966,41.372940485158765,48.70660499639839,0.1917366411792042,0.4302446843974633,0.281336380171968,0.08810905294653246,1.0245240491354395,0.5166551301844367,0.24785668967379199
2238,54.55561840882705,43.0514495848429,0.2166047333149731,0.2625528761233582,0.15674881256071843,0.16436372600164617,1.1707084208226408,0.47808021920551336,0.200067537000174
913,58.07252359151446,38.037869209303736,0.20894601735401075,0.29163009102158977,0.8394316927216848,0.32917931142918494,1.564596999786172,0.3474150429372598,0.4172967781316176
1831,54.73844201524726,53.10720129796101,0.26971671994761715,0.20553917207717975,0.6983079494761868,0.1583914779217486,0.3519555371510833,0.5636984397529496,0.33298882985568307
5496,38.46046319968099,51.551408245710626,0.1642099962140339,0.28600931736394314,0.18342425572349885,0.27549163472253874,0.26942333131886526,0.2858367490148749,0.22728380100600365
1034,54.287039683897696,46.30576895354432,0.07843100492169536,0.2105798213618879,0.4941242763491342,0.1818288415498189,0.6074859758154377,0.11840724789486622,0.2412409860456341
1316,44.56424399596118,59.92645897233366,0.18318183070965316,0.3411242780989974,0.2721751435561679,0.23517875408164132,1.937248353974599,0.44544601212726953,0.25791500161161496
16300,60.35738039064031,39.50940663571693,0.10830559851754622,0.2078165563297502,0.39928552487064667,0.11267095538527394,2.1306361198949837,0.603994815885214,0.20701965877580428
2973,57.93278596877479,36.32132380352683,0.11516051677905717,0.3018744235420134,0.40546932323421975,0.20870506673022135,2.358260981693759,1.0148814219901638,0.2578023325713779
1060,47.480961709381155,42.15664351083129,0.20110301786904797,0.24636877801267765,0.31129133878253074,0.04482425419021495,0.6299490207657108,0.20158075964497746,0.2008968472136178
5238,50.88906466130645,46.68089788551151,0.2785999354950163,0.43899413068525284,0.23652415113689232,0.18215706100172718,1.4367721160889588,0.48151458977438405,0.28406881957972213
2857,46.52629182488839,48.703376145258844,0.15160388241292455,0.24365762314282985,0.24781007553731513,0.08850692032243332,0.9757535878209732,0.7286576383705313,0.1828946253538757
7354,54.498567221814625,45.31134759500569,0.17504652581626193,0.1030222190356917,0.22137037345249078,0.3655176707555025,1.209585515057081,0.7153269571541158,0.21623919726498675
572,62.64113856400991,49.46438777560008,0.3513359072039725,0.46985384028306465,0.23090862058331751,0.2950134778520656,0.9614967407971652,1.5596460279786468,0.33677796148060507
1213,47.11419162931565,38.23922403066689,0.1691882302936709,0.15895080747983326,0.33843904742895636,0.2525610135963694,1.6312465489688082,0.3540112092858456,0.22978477469970748
1653,59.03237212414275,57.10635222851282,0.5508578834913107,0.18029199816220906,0.24470494041549526,0.4278704573939217,0.7540827888696109,0.18307412582501473,0.3509313198657342
1629,50.75793905302047,46.42494175125202,0.1990169738691785,0.1856067653339462,0.49223644845569703,0.1244444094982961,2.9465119540203704,0.5102153336092952,0.2503261492892795
2001,48.657017341901245,54.82107082111689,0.06219371281666988,0.4970447013706138,0.7362400586200359,0.47914293964071114,2.964373792983743,0.37197986418358925,0.4436553531120077
1296,54.14375712036354,49.39907742464393,0.21861366924622697,0.08593780275937778,0.2618852769942324,0.3187519291463706,1.8942383988354756,0.31202230026521527,0.22129716953655196
2249,46.71806142064501,50.19727253407649,0.1814925283129373,1.2003100587493283,0.3945064163837082,0.17768986921693514,2.715187260932442,0.2716565556350021,0.48849971816572724
6090,50.57080555722254,50.98837096162543,0.2858627130119868,0.4238965003115957,0.44933814429505375,0.35287978274696274,0.3375239378616701,0.6060620054765106,0.37799428509139976
17735,45.416976859289214,50.13395992012121,0.21002487366586808,0.2795218248637595,0.4431615117501316,0.1150274286980766,3.063564151714499,0.23416837781464,0.26193390974445896
2156,70.71780106333111,51.499059319072806,0.13996708699872137,0.24323156149456382,0.3635478002911885,0.1324308054212259,1.7652723090353064,0.8532106975084499,0.2197943135514249
2492,55.28210841577383,56.30406771092702,0.08132765966312225,0.2883681479445371,0.5073871713133334,0.14752866633463801,0.7941802413037462,0.82134243659556,0.2561529113139077
1285,49.402195936059314,48.37564818791029,0.13511464840188492,0.32441453662826675,0.44543780537499367,0.1535196408889821,0.7264060931141685,0.6531202921461432,0.26462165782353186
3377,56.71183928587378,51.963026303119584,0.09803995179685113,0.3451809287888179,0.18850074201884434,0.11792378726525113,3.78061888428598,0.15538830963583494,0.18741135246744112
692,54.10137560247336,46.37185013998941,0.11221016309927452,0.33005626860979825,0.5405089451321882,0.3686541346762601,2.3846884230938943,0.5830001974696374,0.33785737787938025
1923,53.232243203734214,57.08082050814631,0.2013258009982619,0.2614521433381663,0.5454322355680888,0.17571970957998387,1.184393115154715,1.0676782139362524,0.29598247237112524
1280,59.9133336003474,42.26525388558511,0.3457056001587115,0.22651059201856877,0.238958549155494,0.23854783368107466,0.33333534569070233,0.9024484565377693,0.2624306437534622
2057,61.06006168037844,59.60658303037571,0.18272294776150463,0.2317882584984814,0.3567024897184781,0.150376429929644,3.1698093487470755,0.8048540987303048,0.23039753147702702
17084,50.75599081911578,46.718894345489595,0.08249137670409287,0.22678598551577883,0.4925508238335664,0.08048056416052801,0.48559774579241544,0.475090502566736,0.22057718755349154
18212,50.39345407484256,36.984574285173665,0.18734215075522925,0.44069188874780824,0.315221713838898,0.22891392184328896,0.9903449597049501,0.456274988005116,0.2930424187963061
1111,52.799586422786845,47.896730904375524,0.27285787014074114,0.33637926188331635,0.5984973985466635,0.076875703617914,1.1830970684496325,1.202816717195656,0.32115255854715874
1751,36.58463068211532,42.232638397675835,0.11058050878271156,0.05747020275511858,1.1412385531874774,0.1932530255529833,0.7166662285490648,0.5979278592290672,0.3756355725695727
1843,42.878471502411585,52.88450484292107,0.14027807614142374,0.34703002588354664,0.23626171162616816,0.10090301895016462,1.1415444805957775,0.6043111123458623,0.2061182081503258
15364,65.9349941395562,42.43163214488327,0.1511056697080937,0.2755665100431917,0.17545995722396857,0.5402086026481183,1.3260705307430427,2.0,0.28558518490584306
140,68.15974170801027,43.876715967496544,0.10131010277798841,0.24767230946665098,0.4074191272651209,0.3154495384397585,1.1228193408125924,0.346689339938783,0.2679627694873797
106,53.007711683548976,33.773214883381286,0.2074261786892399,0.20586110448702657,0.5020573755306968,0.21085996964353665,1.691311310786767,0.020863769137947814,0.281551157087625
1666,59.612455704446134,43.833855765256466,0.14119772595464325,0.438569054296573,0.3118430347798477,0.37621873090316355,3.87414695992053,0.3969040525782063,0.3169571364835569
1740,57.49000123634829,30.032844713597303,0.18500845302282923,0.4015066711934715,0.7238350146822862,0.1309950292487454,0.3512423006819301,0.41886783567168256,0.3603362920368331
3051,79.63104646764191,35.912680235599936,0.096244247504538,0.1698680711913268,0.17922289499374935,0.26244907307673093,1.5029957428661866,0.5904084438035583,0.17694607169158627
609,63.956599291476614,52.322902593010085,0.12053089907691625,0.3064293004590798,0.49491818496019335,0.22101323429385392,0.49077173033111765,0.7098155145968289,0.2857229046975108
2969,53.97665926815387,52.50060111055583,0.21525555991522552,0.15379684613572267,0.25852767394642784,0.22822395536264242,0.3157141560962924,0.02951210178639456,0.21395100884000462
1880,47.355676475196596,49.97820293249475,0.12448916923826181,0.12541795947746087,0.8268490139744403,0.3778488003790476,2.5748587566281143,0.7217881188255583,0.3636512357673027
697,42.14842943793942,40.23116699809551,0.35571050780301927,0.1827469310935737,0.9478448524111881,0.2884620162797279,1.6003838842102263,0.44230567186535297,0.44369107689687726
5372,56.627709086937784,46.66602050700614,0.12283195494564977,0.38477457912856705,0.2385561853547961,0.2310604114964319,0.29417574549788145,0.3621030865932179,0.24430578273136122
7479,48.949194037725576,46.974782226366024,0.16783437952260458,0.40263218003495066,0.2659091174100131,0.08743307542541752,1.140715619483276,0.06099661756523304,0.23095218809824647
932,43.621970323218605,38.8914471756522,0.23911167686955448,0.3231134913481545,0.5379292779913646,0.12375381371937805,0.6089974858584487,1.394841498805306,0.3059770649821129
2166,49.82741692605979,57.523788112370056,0.0738069150904737,0.3592465103799631,0.28840560198731546,0.18809796165470838,1.1728037259677313,0.307894793920293,0.22738924727811516
17197,46.34761597108484,53.1415360340297,0.06219228073507288,0.32361355143351145,0.34214257820335553,0.20955862930319052,2.1845610147803334,0.8134990503054479,0.2343767599187826
7498,68.49713308058051,45.45325078319235,0.06995184920163765,0.18140282670017335,0.3544712933207565,0.11366045104265797,2.0300520682567256,0.19837198286409052,0.17987160506630637
2036,62.053118055595604,47.188200872961716,0.28200571757179005,0.31026357873416577,0.13403441246008377,0.6679115164356048,0.9671939978649337,0.6124481959540824,0.3485538063004111
1980,54.93621886946706,48.45867965563287,0.11383001295532395,0.37303254971057426,0.347586752536923,0.4268848881828938,2.658415469678406,0.3676009742366789,0.3153335508464287
523,66.83955311112021,32.70785592102997,0.539010438386601,0.36452917258360157,0.24791086530099807,0.27025785634248795,3.352376163615523,0.7937328639628127,0.35542708315342214
690,55.61894646118095,45.26975832235582,0.1131270467605734,0.4530115417338201,0.2735191788812078,0.20733499057992932,2.2100534576779407,0.35602272578116895,0.2617481894888827
2203,48.10972638937389,42.22611026401541,0.1645000617680093,0.3562429142151896,0.7203586091058448,0.17986613532908177,0.8375005049472289,0.18835392553458455,0.3552419301045314
16257,67.18499261815725,39.988659930735594,0.32430689374007265,0.29802727871649615,0.1867329847372452,0.12425776233381249,1.2034679941741304,0.46060168286138703,0.2333312298819066
1649,59.31128034947727,45.03229794979831,0.4089863323207769,0.42689412728661336,0.525597519534965,0.2079000895931731,3.79304228971711,0.4401194753011332,0.39234451718388214
2200,46.70203076538835,59.58380568794666,0.4204758652547481,0.24670672629377818,0.30443320068811525,0.22750987331120312,1.0276315382435521,0.5788465100749413,0.29978141638696115
2123,53.47729057533113,51.48590002886907,0.27446353466996143,0.16085825801989084,0.30431187198869664,0.10749422001363973,2.034611087904788,0.9901867793596031,0.21178197117304715
790,47.995053972921944,43.00174707152042,0.2503015915536939,0.23042546223546453,0.5196310822132316,0.2363717021643573,0.7079760845282823,0.9516484623692313,0.3091824595416868
1453,43.93760215228531,51.00807946949311,0.2017236655859289,0.17226079792704851,0.41486733804630854,0.18506143335350372,2.6712628951848973,0.11886272082882368,0.24347830872819742
